,,,Chantal Organic Wholesalers 2013 Ltd,,,,,,,,,,,,,Catalogue,
,,,,,,,,,,,,,,,,,
,,,93 Austin Street,,,,,,,,,,,,,,
,,,Onekawa,,,,,,,,,,,,,,
,,,Napier 4110,,,,,,,,,,,,,,
,,,Phone: 06 843 2114,,,,,,,,,,,,,,
,,,Facsimile: 06 843 9151,,,,,,,,,,,,,,
,,,Email: orders@chantal.co.nz,,,,,,,,,,,,,,
,,, GST: 105-741-243,,,,,,,,,,Prices subject to change without notice,,,,
,,,,,,,,,,,,,,,,,
,,,,,,,,,,,,,,,,,
CODE,,DESCRIPTION,,,,,MEASURE,,ORIGIN,,CERTIFICATION,,OUTER,OUTER $,,UNIT $,PRICE
,,,,,,,,,,,,,,,,,UPDATE
Retail Uncertified,,,,,,,,,,,,,,,,,
Beverage RTD,,,,,,,,,,,,,,,,,
170AF1,,Chantal Apple and Feijoa Juice 1L,,,,,,EA,New Zealand,,Natural,,9.00,,$4.35,$5.00,
170AF2,,Chantal Apple and Feijoa Juice 2L,,,,,,EA,New Zealand,,Natural,,6.00,,$5.35,$6.15,
LUNCH WRAPS,,,,,,,,,,,,,,,,,
333MBFT,,Munch Baby Food Tray,,,,,,EA,New Zealand,,,,1.00,,$15.63,$17.97,-
333MB,,Munch Baggie Assorted,,,,,,EA,New Zealand,,,,1.00,,$9.31,$10.71,
333MFS,,Munch eco hero Feeding Set,,,,,,EA,New Zealand,,,,1.00,,$25.75,$29.61,
333MP30M,,Munch Package Medium x 30 stand included,,,,,,EA,New Zealand,,,,1.00,,$465.75,$535.61,+
333MP30S,,Munch Package Small x 30 -stand included,,,,,,EA,New Zealand,,,,1.00,,$297.75,$342.41,+
333MSD3,,Munch Squish Delish 3 pack,,,,,,EA,New Zealand,,,,1.00,,$6.80,$7.82,-
333MSD5,,Munch Squish Delish 5 pack,,,,,,EA,New Zealand,,,,1.00,,$9.31,$10.71,
333MW,,Munch Wrap Assorted,,,,,,EA,New Zealand,,,,1.00,,$9.31,$10.71,
333MSTAND,,Munch Wrap/ Baggie  Display Stand,,,,,,EA,New Zealand,,,,1.00,,$25.00,$28.75,
333MNILSTAND,,Nil Waxwraps  Display Stand,,,,,,EA,New Zealand,,,,1.00,,$37.00,$42.55,
333MN3,,Nil Waxwraps - 3 pack,,,,,,EA,New Zealand,,,,1.00,,$18.01,$20.71,
333MNL,,Nil Waxwraps - Large,,,,,,EA,New Zealand,,,,1.00,,$16.77,$19.29,
333MNM,,Nil Waxwraps - Medium,,,,,,EA,New Zealand,,,,1.00,,$14.90,$17.14,
333MNS,,Nil Waxwraps - Small,,,,,,EA,New Zealand,,,,1.00,,$9.31,$10.71,
333MNILBOARD,,Nil Waxwraps Board,,,,,,EA,New Zealand,,,,1.00,,$15.00,$17.25,
Retail Organic,,,,,,,,,,,,,,,,,
Baking,,,,,,,,,,,,,,,,,
304CK1,,Carob Kibble Nibbles  1 Kg,,,,,,EA,Australia,,ACO,,12.00,,$22.05,$25.36,
304CP1,,Carob Powder - Raw 1 kg Aus,,,,,,EA,Australia,,ACO,,1.00,,$18.00,$20.70,
304CPS05,,Carob Powder 350g,,,,,,EA,SPAIN,,AQ,,12.00,,$4.30,$4.95,
304CPS1,,Carob Powder 900g,,,,,,EA,SPAIN,,AQ,,12.00,,$8.80,$10.12,
304CK2,,Chantal Carob Kibble Nibbles  200g,,,,,,EA,Australia,,AQ,,12.00,,$0.00,$0.00,
304CP2,,Chantal Raw Carob Powder - 200g,,,,,,EA,Australia,,AQ,,12.00,,$0.00,$0.00,
305CP1,,Cocoa Powder Alkalized 1kg,,,,,,EA,Various,,AQ,,12.00,,$19.15,$22.02,
035CM,,Crumbing Mix per kg,,,,,,KG,New Zealand,,BG,,1.00,,$0.00,$0.00,
Beverage RTD,,,,,,,,,,,,,,,,,
160AD1,,Pureharvest Almond Milk 1 litre,,,,,,EA,Australia,,ACO,,12.00,,$7.50,$8.63,
145CQ1,,Pureharvest Coco Quench 1lt,,,,,,EA,Australia,,ACO,,12.00,,$4.45,$5.12,
160OT1,,Pureharvest Oat Milk 1litre,,,,,,EA,Australia,,ACO,,12.00,,$3.08,$3.54,
150RE1,,Pureharvest Rice Milk 1L,,,,,,EA,Australia,,ACO,,12.00,,$3.08,$3.54,
150CE1,,Pureharvest Rice Milk Calcium Enrich 1L,,,,,,EA,Australia,,ACO,,12.00,,$3.08,$3.54,
140CE1,,Pureharvest Soy Milk Calcium Enriched 1L,,,,,,EA,Australia,,ACO,,12.00,,$3.08,$3.54,
140MF1,,Pureharvest Soy Milk Malt Free 1litre,,,,,,EA,Australia,,ACO,,12.00,,$3.08,$3.54,
140OL1,,Pureharvest Soy Milk Original 1litre,,,,,,EA,Australia,,ACO,,12.00,,$3.08,$3.54,
Canned goods,,,,,,,,,,,,,,,,,
244BB04,,Chantal Baked Beans 400g,,,,,,EA,Italy,,EcoGruppo Italia,,12.00,,$1.75,$2.01,
245BPS350,,Chantal Basil Pasta Sauce 350g,,,,,,EA,Italy,,Bio-Agricert,,6.00,,$2.35,$2.70,
244BLB04,,Chantal Black Beans 400g,,,,,,EA,Italy,,EcoGruppo Italia,,12.00,,$1.40,$1.61,
244BOB04,,Chantal Borlotti Beans 400g,,,,,,EA,Italy,,EcoGruppo Italia,,12.00,,$1.40,$1.61,
244BUB04,,Chantal Butter Beans 400g,,,,,,EA,Italy,,EcoGruppo Italia,,12.00,,$1.40,$1.61,
244CB04,,Chantal Cannellini Beans 400g,,,,,,EA,Italy,,EcoGruppo Italia,,12.00,,$1.40,$1.61,
244CP04,,Chantal Chickpeas 400g,,,,,,EA,Italy,,EcoGruppo Italia,,12.00,,$1.40,$1.61,
244LT04,,Chantal Lentils 400g,,,,,,EA,Italy,,EcoGruppo Italia,,12.00,,$1.40,$1.61,
244MB04,,Chantal Mixed Beans 400g,,,,,,EA,Italy,,EcoGruppo Italia,,12.00,,$1.40,$1.61,
244CHB400,,Chantal Organic Chilli Beans 400g,,,,,,EA,Italy,,Eco-Cert,,12.00,,$1.96,$2.25,
244AD400,,Chantal Organics Adzuki Beans 400,,,,,,EA,Italy,,Bio-Agricert,,12.00,,$1.46,$1.68,
246SP400,,Chantal Organics Spaghetti in Sauce,,,,,,EA,Italy,,Bio-Agricert,,12.00,,$1.80,$2.07,
245ST680,,Chantal Passata (Strained Tomatoes) 680g,,,,,,EA,Italy,,Bio-Agricert,,12.00,,$2.10,$2.42,
245PPS400,,Chantal Pizza Pasta Sauce 400g,,,,,,EA,Italy,,Bio-Agricert,,12.00,,$2.20,$2.53,
244RK04,,Chantal Red Kidney Beans 400g,,,,,,EA,Italy,,EcoGruppo Italia,,12.00,,$1.40,$1.61,
245TP02,,Chantal Tomato Paste 200g,,,,,,EA,Italy,,Bio-Agricert,,6.00,,$1.85,$2.13,
245TC400,,Chantal Tomatoes Chopped 400g,,,,,,EA,Italy,,Bio-Agricert,,12.00,,$1.30,$1.50,
245TWP400,,Chantal Tomatoes Whole Peeled 400g,,,,,,EA,Italy,,Bio-Agricert,,12.00,,$1.30,$1.50,
Cereal / Breakfast,,,,,,,,,,,,,,,,,
210GB750,,Grainola Base Just Add 750g,,,,,,EA,Various,,AQ,,12.00,,$4.99,$5.74,
035OJ1,,Jumbo Oats 1kg,,,,,,EA,Australia,,AQ,,12.00,,$4.50,$5.18,
035OB650,,Oat Bran 650gm,,,,,,EA,Australia,,AQ,,12.00,,$4.15,$4.77,
035OQO1,,Quick Rolled Oats 1kg,,,,,,EA,Australia,,AQ,,12.00,,$4.50,$5.18,
Coffee Tea,,,,,,,,,,,,,,,,,
227CN1,,Green Coffee Beans Columbian FT 1kg,,,,,,EA,Columbia,,AQ,,1.00,,$17.00,$19.55,
227PNG1,,Green Coffee Beans PNG FT 1kg,,,,,,EA,PNG,,AQ,,1.00,,$18.95,$21.79,
510YR1,,Yerba Mate Rosamonte Specl Select Tea 1k,,,,,,EA,Argentina,,OIA,,1.00,,$13.44,$15.46,
510YK5,,Yerba Mate Sin Humo Organic Tea 500 gm,,,,,,EA,Argentina,,OIA,,10.00,,$9.03,$10.38,
510YK25,,Yerba Mate Sin Humo Organic Tea Bag 25's,,,,,,EA,Argentina,,OIA,,12.00,,$3.10,$3.57,
Dry bean \ Pulse,,,,,,,,,,,,,,,,,
001AD1,,Adzuki Beans 1kg,,,,,,EA,China,,AQ,,12.00,,$4.55,$5.23,
001AD500,,Adzuki Beans 500gm,,,,,,EA,China,,AQ,,12.00,,$2.99,$3.44,
001BT500,,Black Turtle Beans  500g,,,,,,EA,China,,AQ,,12.00,,$3.00,$3.45,
001BT1,,Black Turtle Beans 1KG,,,,,,EA,China,,AQ,,12.00,,$4.50,$5.18,
001CA1,,Cannellini Beans 1kg (White Kidney),,,,,,EA,China,,AQ,,12.00,,$5.95,$6.84,
001CA500,,Cannellini Beans 500gm (White Kidney),,,,,,EA,China,,AQ,,12.00,,$3.85,$4.43,
060GN1,,Green Peas Split 1kg,,,,,,EA,New Zealand,,AQ,,12.00,,$3.80,$4.37,
060GSP500,,Green Peas Split 500gm,,,,,,EA,New Zealand,,AQ,,12.00,,$2.25,$2.59,
060NZGSP1,,Green Spilt Peas NZ  1 kg,,,,,,EA,New Zealand,,AQ,,12.00,,$3.90,$4.49,
060NZGSP05,,Green Spilt Peas NZ  500g,,,,,,EA,New Zealand,,AQ,,12.00,,$2.60,$2.99,
001WKL04,,Large White Kidney (Lima) Beans 450g,,,,,,,Italy,,Eco-Cert,,1.00,,$4.40,$5.06,
001MG1,,Mung Beans 1kg,,,,,,EA,China,,AQ,,12.00,,$6.50,$7.48,
001MG500,,Mung Beans 500gm,,,,,,EA,China,,AQ,,12.00,,$4.05,$4.66,
050BWL1,,NZ Brown Whole Lentils 1kg,,,,,,EA,New Zealand,,,,12.00,,$7.00,$8.05,
050BWL05,,NZ Brown Whole Lentils 500g,,,,,,EA,New Zealand,,,,12.00,,$4.20,$4.83,
001CP1,,Organic Chickpeas 1kg,,,,,,EA,Turkey,,AQ,,12.00,,$5.35,$6.15,
001CP05,,Organic Chickpeas 500g,,,,,,EA,Turkey,,AQ,,12.00,,$3.40,$3.91,
050RW1,,Organic Red Football Lentils 1kg,,,,,,EA,Turkey,,AQ,,12.00,,$6.00,$6.90,
050RW05,,Organic Red Football Lentils 500g,,,,,,EA,Turkey,,AQ,,12.00,,$3.75,$4.31,
050RS05,,Organic Red Split Lentil 500g,,,,,,EA,Turkey,,AQ,,12.00,,$3.60,$4.14,
050RS1,,Organic Red Split Lentils 1kg,,,,,,EA,Turkey,,AQ,,12.00,,$5.80,$6.67,
001PI1,,Pinto Beans 1kg,,,,,,EA,China,,AQ,,12.00,,$5.20,$5.98,
001PI500,,Pinto Beans 500gm,,,,,,EA,China,,AQ,,12.00,,$3.50,$4.03,
001RK1,,Red Kidney Beans - 1kg,,,,,,EA,China,,AQ,,12.00,,$7.40,$8.51,
001RK500,,Red Kidney Beans - 500gm,,,,,,EA,China,,AQ,,12.00,,$4.50,$5.18,
001WKS05,,Small White Kidney (Navy) Beans 500g,,,,,,EA,China,,Eco-Cert,,1.00,,$3.55,$4.08,
060YPS1,,Yellow Peas Split 1kg,,,,,,EA,New Zealand,,AQ,,12.00,,$3.80,$4.37,
060YPS500,,Yellow Peas Split 500gm,,,,,,EA,New Zealand,,AQ,,12.00,,$2.25,$2.59,
060NZYSP1,,Yellow Split Peas NZ  1 kg,,,,,,EA,New Zealand,,AQ,,12.00,,$3.90,$4.49,
060NZYSP05,,Yellow Split Peas NZ  500g,,,,,,EA,New Zealand,,AQ,,12.00,,$2.60,$2.99,
Essences,,,,,,,,,,,,,,,,,
310VD100,,Vanilla Extract Double Strength 100ml,,,,,,EA,Indonesia,,AQ,,12.00,,$10.50,$12.08,
310VD50,,Vanilla Extract Double Strength 50ml,,,,,,EA,Indonesia,,AQ,,12.00,,$6.75,$7.76,
310VS100,,Vanilla Extract Single Strength 100ml,,,,,,EA,Indonesia,,AQ,,12.00,,$7.25,$8.34,
310VS50,,Vanilla Extract Single Strength 50ml,,,,,,EA,Indonesia,,AQ,,6.00,,$4.50,$5.18,
Flour,,,,,,,,,,,,,,,,,
020LUMJ1,,Australian Cake Flour 1kg,,,,,,EA,Australia,,AQ,,12.00,,$3.75,$4.31,
020LUW1,,Australian Premium White Flour 1kg,,,,,,EA,Australia,,AQ,,12.00,,$3.75,$4.31,
020LUSR1,,Australian Self Raising Flour 1kg,,,,,,EA,Australia,,AQ,,12.00,,$4.40,$5.06,
020LUSPWM1,,Australian Spelt Wholemeal Flour 1kg,,,,,,EA,Australia,,AQ,,12.00,,$5.99,$6.89,
020LUSP1,,Australian White Spelt Flour 1kg,,,,,,EA,Australia,,AQ,,12.00,,$5.99,$6.89,
020LUWH1,,Australian Wholemeal Flour 1kg,,,,,,EA,Australia,,AQ,,12.00,,$3.75,$4.31,
020BA1,,Barley Flour Stoneground 1kg,,,,,,EA,New Zealand,,AQ,,12.00,,$4.20,$4.83,
020BBF1,,Black Bean Flour 1 kg,,,,,,EA,China,,AQ,,12.00,,$3.95,$4.54,
020RBP1,,Brown Rice Flour 1kg,,,,,,EA,Pakistan,,AQ,,12.00,,$3.50,$4.03,
020BU1,,Buckwheat Flour 1kg,,,,,,EA,China,,AQ,,12.00,,$4.45,$5.12,
020MC1,,Corn Flour (NZ) 1kg,,,,,,EA,New Zealand,,AQ,,12.00,,$5.25,$6.04,
020MCW1,,Corn Flour Wholegrain (NZ) 1 kg,,,,,,EA,New Zealand,,AQ,,12.00,,$5.25,$6.04,
020CM1,,Corn Meal 1 kg (NZ),,,,,,EA,New Zealand,,AQ,,12.00,,$5.25,$6.04,
020CM500,,Corn Meal 500gm (NZ),,,,,,EA,New Zealand,,AQ,,12.00,,$3.30,$3.80,
020MI1,,Millet Flour (Sticky) 1kg,,,,,,EA,China,,AQ,,12.00,,$4.20,$4.83,
020OA1,,Oat Flour 1kg,,,,,,EA,Australia,,AQ,,12.00,,$5.15,$5.92,
035PNZ1,,Polenta New Zealand 1kg,,,,,,EA,New Zealand,,AQ,,12.00,,$5.25,$6.04,
035PNZ05,,Polenta NZ 500g,,,,,,EA,New Zealand,,AQ,,12.00,,$3.30,$3.80,
020RNZ1,,Rye Flour 1kg (NZ),,,,,,EA,New Zealand,,AQ,,12.00,,$4.35,$5.00,
020SS05,,Sesame Flour 500g,,,,,,EA,Mexico,,AQ,,12.00,,$3.95,$4.54,
035WK350,,Wheat Bran Flakes Fine - NZ - 350gm,,,,,,EA,New Zealand,,AQ,,12.00,,$2.50,$2.88,
020SGW1,,White Flour NZ Stoneground 1kg,,,,,,EA,New Zealand,,AQ,,12.00,,$4.10,$4.72,
020RWP1,,White Rice Flour 1kg,,,,,,EA,Pakistan,,AQ,,12.00,,$3.50,$4.03,
020SWMNZ1,,Wholemeal Flour NZ Stoneground 1kg,,,,,,EA,New Zealand,,AQ,,12.00,,$4.20,$4.83,
020Z41,,Zentrofan 4 Grain Flour 1kg,,,,,,EA,New Zealand,,AQ,,12.00,,$4.30,$4.95,
020Z71,,Zentrofan 7 Grain Flour 1kg,,,,,,EA,New Zealand,,AQ,,12.00,,$4.50,$5.18,
020ZW1,,Zentrofan Wheat Flour 1kg,,,,,,EA,New Zealand,,AQ,,12.00,,$4.30,$4.95,
Fruit Dry,,,,,,,,,,,,,,,,,
080GB09,,Organic Goji Berries 90g,,,,,,EA,China,,AQ,,12.00,,$5.20,$5.98,
080ST1,,Organic Sultanas 1kg,,,,,,EA,Turkey,,AQ,,12.00,,$8.15,$9.37,
080ST05,,Organic Sultanas 375g,,,,,,EA,Turkey,,AQ,,12.00,,$3.95,$4.54,
080RU375,,Raisins USA 375gm,,,,,,EA,United States,,AQ,,12.00,,$3.75,$4.31,
080RR0375,,Red Raisins 375g,,,,,,EA,China,,AQ,,12.00,,$4.65,$5.35,
Grains,,,,,,,,,,,,,,,,,
030BH1,,Buckwheat Hulled 1kg,,,,,,EA,China,,AQ,,12.00,,$3.60,$4.14,
030BH05,,Buckwheat Hulled 500g,,,,,,EA,China,,AQ,,12.00,,$2.55,$2.93,
035BK1,,Buckwheat Kibbled 1kg,,,,,,EA,China,,AQ,,12.00,,$4.80,$5.52,
035BWC1,,Bulgur Wheat Coarse 1kg,,,,,,EA,Turkey,,AQ,,12.00,,$3.90,$4.49,
035BWC05,,Bulgur Wheat Coarse 500g,,,,,,EA,Turkey,,AQ,,12.00,,$2.65,$3.05,
030HW1,,Hard Wheat 1kg,,,,,,EA,New Zealand,,AQ,,12.00,,$3.82,$4.39,
030BP1,,Pearl Barley 1kg,,,,,,EA,New Zealand,,AQ,,12.00,,$4.30,$4.95,
030BP500,,Pearl Barley 500g,,,,,,EA,New Zealand,,AQ,,12.00,,$2.85,$3.28,
035BPK1,,Pearl Barley Kibbled 1kg,,,,,,EA,New Zealand,,AQ,,1.00,,$5.05,$5.81,
030PC1,,Popcorn 1kg,,,,,,EA,New Zealand,,AQ,,12.00,,$4.65,$5.35,
030PC500,,Popcorn 500gm,,,,,,EA,New Zealand,,AQ,,12.00,,$3.05,$3.51,
030RY1,,Rye Grain 1kg,,,,,,EA,New Zealand,,AQ,,12.00,,$3.95,$4.54,
035RK1,,Rye Kibbled 1kg,,,,,,EA,New Zealand,,AQ,,12.00,,$4.35,$5.00,
035WK1,,Wheat Kibbled 1kg,,,,,,EA,New Zealand,,AQ,,12.00,,$2.95,$3.39,
Health Powder,,,,,,,,,,,,,,,,,
390BG01,,Barley Grass Powder Organic 100g,,,,,,EA,New Zealand,,AQ,,12.00,,$5.50,$6.33,
390BG1,,Barley Grass Powder Organic 1kg,,,,,,EA,New Zealand,,AQ,,12.00,,$45.00,$51.75,
390BG02,,Barley Grass Powder Organic 250g,,,,,,EA,New Zealand,,AQ,,12.00,,$11.50,$13.23,
390KPEP80,,Chantal Kelp Pepper 80g,,,,,,EA,New Zealand,,AQ,,12.00,,$7.10,$8.17,
390KPOW100,,Chantal Kelp Powder 100g,,,,,,EA,New Zealand,,AQ,,12.00,,$8.20,$9.43,
390MP01,,Organic Maca Powder 100g,,,,,,EA,Peru,,AQ,,12.00,,$9.30,$10.70,
280PSP1,,Organic Psyllium Powder 1kg,,,,,,EA,India,,AQ,,12.00,,$18.35,$21.10,
280PSP450,,Organic Psyllium Powder 450g,,,,,,EA,India,,AQ,,12.00,,$9.15,$10.52,
390SP001,,Organic Spirulina Powder 100g,,,,,,EA,China,,AQ,,12.00,,$5.25,$6.04,
390SP01,,Organic Spirulina Powder 1kg,,,,,,EA,China,,AQ,,12.00,,$36.65,$42.15,
390WG01,,Wheat Grass Powder Organic  100g,,,,,,EA,New Zealand,,AQ,,12.00,,$5.50,$6.33,
390WG1,,Wheat Grass Powder Organic  1kg,,,,,,EA,New Zealand,,AQ,,12.00,,$45.00,$51.75,
390WG02,,Wheat Grass Powder Organic  250g,,,,,,EA,New Zealand,,AQ,,12.00,,$11.50,$13.23,
Nuts Dry,,,,,,,,,,,,,,,,,
090PRRS1,,Peanuts Raw Red Skin 1kg,,,,,,EA,China,,AQ,,12.00,,$5.65,$6.50,
090PRRS05,,Peanuts Raw Red Skin 500g,,,,,,EA,China,,AQ,,12.00,,$3.55,$4.08,
090PR1,,Peanuts Roasted 1kg,,,,,,EA,China,,AQ,,12.00,,$6.50,$7.48,
090PRO500,,Peanuts Roasted 500g,,,,,,EA,China,,AQ,,12.00,,$3.95,$4.54,
Oil,,,,,,,,,,,,,,,,,
190CD400,,Coconut Oil Deodorised 400ml,,,,,,EA,Phillipines,,AQ,,12.00,,$4.90,$5.64,
190CD700,,Coconut Oil Deodorised 700ml,,,,,,EA,Phillipines,,AQ,,6.00,,$7.40,$8.51,
190CEV250,,Coconut Oil Virgin 250ml,,,,,,EA,Phillipines,,AQ,,12.00,,$5.82,$6.69,
190CEV400,,Coconut Oil Virgin 400ml,,,,,,EA,Phillipines,,AQ,,12.00,,$8.25,$9.49,
190CEV700,,Coconut Oil Virgin 700ml,,,,,,EA,Phillipines,,AQ,,6.00,,$13.45,$15.47,
190TVO5,,Olive Oil Virgin Turkish 500ml,,,,,,EA,Turkey,,AQ,,12.00,,$7.95,$9.14,
190ST250,,Sesame Oil Organic Toasted 250ml,,,,,,EA,Mexico,,AQ,,12.00,,$4.95,$5.69,
190SV250,,Sesame Oil Organic Virgin C/P 250ml,,,,,,EA,Mexico,,,,12.00,,$4.95,$5.69,
Pasta,,,,,,,,,,,,,,,,,
200GT200,,Hakubaku Green Tea Noodles 200 gm,,,,,,EA,Australia,,OIA,,12.00,,$3.28,$3.77,
200R270,,Hakubaku Ramen 270gm,,,,,,EA,Australia,,ACO,,12.00,,$3.28,$3.77,
200S270,,Hakubaku Soba (30% buckwheat) 270gm,,,,,,EA,Australia,,ACO,,12.00,,$3.28,$3.77,
200SO270,,Hakubaku Somen 270gm,,,,,,EA,Australia,,ACO,,12.00,,$3.28,$3.77,
200U270,,Hakubaku Udon 270gm,,,,,,EA,Australia,,ACO,,12.00,,$3.28,$3.77,
Rice,,,,,,,,,,,,,,,,,
010TB1,,Black Glutinous Rice 1kg,,,,,,EA,China,,AQ,,12.00,,$6.95,$7.99,
010TB05,,Black Glutinous Rice 500g,,,,,,EA,Pakistan,,AQ,,12.00,,$3.95,$4.54,
010BBP1,,Brown Basmati Rice 1kg,,,,,,EA,Pakistan,,AQ,,12.00,,$4.95,$5.69,
010BBP05,,Brown Basmati Rice 500g,,,,,,EA,Pakistan,,AQ,,12.00,,$3.05,$3.51,
010LBP1,,Long Grain Brown Rice 1kg,,,,,,EA,Pakistan,,AQ,,12.00,,$2.95,$3.39,
010LBP05,,Long Grain Brown Rice 500g,,,,,,EA,Pakistan,,AQ,,12.00,,$2.15,$2.47,
010LWP1,,Long Grain White Rice 1kg,,,,,,EA,Pakistan,,AQ,,12.00,,$2.95,$3.39,
010LWP05,,Long Grain White Rice 500g,,,,,,EA,Pakistan,,AQ,,12.00,,$2.15,$2.47,
010TR1,,Red Glutinous Rice 1kg,,,,,,EA,Taiwan,,AQ,,12.00,,$6.95,$7.99,
010TSB05,,Short Grain Brown Rice 500g,,,,,,EA,Taiwan,,AQ,,12.00,,$3.45,$3.97,
010BWP1,,White Basmati Rice 1kg,,,,,,EA,Pakistan,,AQ,,12.00,,$4.95,$5.69,
010BWP05,,White Basmati Rice 500g,,,,,,EA,Pakistan,,AQ,,12.00,,$3.05,$3.51,
Seasoning,,,,,,,,,,,,,,,,,
435SS03,,Soy Sauce Shoyu 300ml,,,,,,EA,China,,AQ,,6.00,,$3.75,$4.31,
435TS03,,Tamari Soy Sauce 300ml,,,,,,EA,China,,AQ,,6.00,,$3.95,$4.54,
Seeds,,,,,,,,,,,,,,,,,
0412NDPS,,2NDs Pumpkin Seed Natural NZ /kg,,,,,,KG,New Zealand,,Natural,,1.00,,$9.80,$11.27,
040AMS1,,Amaranth Seed 1kg,,,,,,EA,India,,AQ,,12.00,,$7.40,$8.51,
040AMS500,,Amaranth Seed 500gm,,,,,,EA,India,,AQ,,12.00,,$3.40,$3.91,
040MBK1,,Mustard Seed Black 1kg,,,,,,EA,India,,AQ,,12.00,,$5.25,$6.04,
040MBK020,,Mustard Seed Black 200g,,,,,,EA,India,,AQ,,12.00,,$2.35,$2.70,
040MB1,,Mustard Seed Brown 1kg,,,,,,EA,New Zealand,,,,12.00,,$6.15,$7.07,
040MB200,,Mustard Seed Brown 200 g,,,,,,EA,New Zealand,,,,12.00,,$6.15,$7.07,
040MY1,,Mustard Seed Yellow 1kg,,,,,,EA,New Zealand,,,,12.00,,$5.35,$6.15,
040MY020,,Mustard Seed Yellow 200g,,,,,,EA,New Zealand,,,,12.00,,$2.40,$2.76,
040SF1,,Organic Sunflower Seed 1kg,,,,,,EA,China,,AQ,,12.00,,$5.56,$6.39,
040SF04,,Organic Sunflower Seed 400g,,,,,,EA,China,,AQ,,12.00,,$3.08,$3.54,
040PSC1,,Pumpkin Seed Chinese 1kg,,,,,,EA,China,,AQ,,12.00,,$12.50,$14.38,
040PSC400,,Pumpkin Seed Chinese 400gm,,,,,,EA,China,,AQ,,12.00,,$6.00,$6.90,
040SSMB1,,Sesame Seed Black 1kg,,,,,,EA,Mexico,,AQ,,12.00,,$8.50,$9.78,
040SSMB02,,Sesame Seed Black 250g,,,,,,EA,Mexico,,AQ,,12.00,,$3.30,$3.80,
040SSMH1,,Sesame Seed Hulled 1kg,,,,,,EA,Mexico,,AQ,,1.00,,$8.90,$10.24,
020SSH02,,Sesame Seed Hulled 250g,,,,,,EA,Mexico,,AQ,,12.00,,$3.30,$3.80,
040SSMU1,,Sesame Seed Unhulled 1kg,,,,,,EA,Mexico,,AQ,,12.00,,$7.80,$8.97,
040SSMU02,,Sesame Seed Unhulled 250g,,,,,,EA,Mexico,,AQ,,12.00,,$3.30,$3.80,
Snack Food,,,,,,,,,,,,,,,,,
490CC150,,Pureharvest Corn Cakes 150gm,,,,,,EA,Australia,,ACO,,6.00,,$2.65,$3.05,
490RC150,,Pureharvest Rice Cakes 150gm,,,,,,EA,Australia,,ACO,,6.00,,$2.65,$3.05,
Spice Herb,,,,,,,,,,,,,,,,,
280AW01,,Anise Whole Seed 100g,,,,,,EA,Turkey,,AQ,,12.00,,$3.25,$3.74,
280AW1,,Aniseed Whole 1kg,,,,,,EA,Turkey,,AQ,,12.00,,$18.80,$21.62,
280ARP01,,Arrowroot Powder 100g,,,,,,EA,India,,AQ,,12.00,,$2.16,$2.48,
290BA350,,Basil 350gm,,,,,,EA,India,,AQ,,12.00,,$4.15,$4.77,
290BA080,,Basil 80gm,,,,,,EA,India,,AQ,,12.00,,$2.15,$2.47,
290BA04,,Basil Dried 40g,,,,,,EA,India,,AQ,,12.00,,$1.65,$1.90,
290BAY02,,Bay leaves Dried 20g,,,,,,EA,Turkey,,AQ,,12.00,,$3.15,$3.62,
290BAY1,,Bay Leaves Laurel 1kg,,,,,,EA,Turkey,,AQ,,12.00,,$83.50,$96.03,
290BAY040,,Bay Leaves Laurel 40gm,,,,,,EA,Turkey,,AQ,,12.00,,$5.00,$5.75,
290CS1,,Caraway Seed 1kg,,,,,,EA,India,,AQ,,12.00,,$15.00,$17.25,
280CY08,,Caraway Seed 80g,,,,,,EA,Egypt,,AQ,,12.00,,$2.46,$2.83,
280CAG1,,Cardamon Seed Ground 1kg,,,,,,EA,India,,AQ,,12.00,,$50.00,$57.50,
280CAG250,,Cardamon Seed Ground 250gm,,,,,,EA,India,,AQ,,12.00,,$12.50,$14.38,
280CES1,,Celery Seed 1kg,,,,,,EA,,,,,12.00,,$5.95,$6.84,
280CES03,,Celery Seed 300g,,,,,,EA,,,,,12.00,,$2.85,$3.28,
280CHP1,,Chili Powder 1kg,,,,,,EA,India,,,,12.00,,$9.95,$11.44,
280CHP250,,Chili Powder 250gm,,,,,,EA,India,,,,12.00,,$3.50,$4.03,
280CHP02,,Chilli Powder 200g,,,,,,EA,India,,,,12.00,,$3.00,$3.45,
290CH1,,Chives 1kg,,,,,,EA,,,,,12.00,,$53.00,$60.95,
280CIP01,,Cinnamon Powder 100g,,,,,,EA,Indonesia,,AQ,,12.00,,$2.55,$2.93,
280CIP1,,Cinnamon Powder 1kg,,,,,,EA,Indonesia,,AQ,,12.00,,$12.95,$14.89,+
280CIQ05,,Cinnamon Quills 500gm,,,,,,EA,Indonesia,,AQ,,12.00,,$11.45,$13.17,
280CIQ08,,Cinnamon Quills 50g,,,,,,EA,Indonesia,,AQ,,12.00,,$3.20,$3.68,
280COG900,,Coriander Ground 900g,,,,,,EA,India,,,,12.00,,$7.40,$8.51,
280CORS05,,Coriander Seed 50g,,,,,,EA,India,,AQ,,12.00,,$1.75,$2.01,
280COW500,,Coriander Seed Whole 500gm,,,,,,EA,India,,,,12.00,,$6.00,$6.90,
280COW1,,Coriander Whole 1kg,,,,,,EA,India,,,,12.00,,$9.25,$10.64,
280CUP010,,Cumin Powder 100g,,,,,,EA,India,,AQ,,12.00,,$2.70,$3.11,
280CUP01,,Cumin Powder 1kg,,,,,,EA,India,,AQ,,12.00,,$15.00,$17.25,
280CUS06,,Cumin Seed 60g,,,,,,EA,India,,AQ,,12.00,,$2.22,$2.55,
280CL016,,Curry Leaf 160g,,,,,,EA,India,,,,12.00,,$3.20,$3.68,
280CL004,,Curry Leaf 40g,,,,,,EA,India,,,,12.00,,$1.90,$2.19,
280CMT1,,Curry Mix Tandoori 1kg limited,,,,,,EA,India,,,,12.00,,$16.65,$19.15,
280CPH250,,Curry powder Hot 250gm,,,,,,EA,India,,,,12.00,,$4.90,$5.64,
280CUR01,,Curry Powder Mild 100g,,,,,,EA,India,,AQ,,12.00,,$2.32,$2.67,
280CPM1,,Curry Powder Mild 1kg,,,,,,EA,India,,,,12.00,,$16.65,$19.15,
290DA1,,Dandelion 1kg,,,,,,EA,,,,,1.00,,$0.00,$0.00,
290DI1,,Dill 1kg,,,,,,EA,,,,,12.00,,$23.00,$26.45,
290DI055,,Dill 550g,,,,,,EA,,,,,12.00,,$11.20,$12.88,
290DI07,,Dill 70g,,,,,,EA,,,,,12.00,,$2.95,$3.39,
290FES1,,Fennel seed 1kg,,,,,,EA,,,,,12.00,,$5.20,$5.98,
280FS06,,Fennel Seed 60g,,,,,,EA,India,,AQ,,12.00,,$1.80,$2.07,
290FEG1,,Fennel Seed Ground 1kg,,,,,,EA,India,,AQ,,12.00,,$6.40,$7.36,
290FEG250,,Fennel Seed Ground 250g,,,,,,EA,,,,,12.00,,$5.35,$6.15,
280FG01,,Fenugreek Seed 100g,,,,,,EA,India,,AQ,,12.00,,$1.80,$2.07,
280GM250,,Garam Masala 250gm,,,,,,EA,,,,,12.00,,$4.90,$5.64,
280GF014,,Garlic Flakes 140g,,,,,,EA,India,,AQ,,12.00,,$2.95,$3.39,
280GF06,,Garlic Flakes 600g,,,,,,EA,India,,AQ,,12.00,,$7.70,$8.86,
280GARF8,,Garlic Flakes 800g,,,,,,EA,India,,AQ,,1.00,,$5.95,$6.84,
280GARG01,,Garlic Granules 100g,,,,,,EA,India,,AQ,,12.00,,$2.07,$2.38,
280GARG8,,Garlic Granules 800g,,,,,,EA,India,,AQ,,1.00,,$6.30,$7.25,
280GO180,,Garlic Powder 180g,,,,,,EA,India,,AQ,,12.00,,$3.30,$3.80,
280GO0200,,Garlic Powder 200g,,,,,,EA,India,,AQ,,12.00,,$3.30,$3.80,
290HL04,,Hawthorn Leaf 40g,,,,,,EA,,,,,12.00,,$2.20,$2.53,
290HL250,,Hawthorne Leaf 250gm,,,,,,EA,,,,,12.00,,$5.90,$6.79,
280MW1,,Mace Whole 1kg,,,,,,EA,,,,,12.00,,$35.65,$41.00,
280MW04,,Mace Whole 400gm,,,,,,EA,,,,,12.00,,$15.00,$17.25,
290MA1,,Marjoram 1kg,,,,,,EA,India,,,,12.00,,$22.00,$25.30,
280ONF4,,Onion Flakes 400g,,,,,,EA,,,,,1.00,,$4.85,$5.58,
280ONG1,,Onion Granules 1kg,,,,,,EA,,,,,1.00,,$10.60,$12.19,
290OP1,,Onion Powder 1kg,,,,,,EA,,,,,12.00,,$8.15,$9.37,
290OR04,,Oregano 400gm,,,,,,EA,,,,,12.00,,$7.20,$8.28,
280ARP1,,Organic Arrowroot Powder 1kg,,,,,,EA,,,,,12.00,,$8.30,$9.55,
280CUP015,,Organic Cumin Powder 150g,,,,,,EA,India,,AQ,,12.00,,$3.30,$3.80,
280CUS013,,Organic Cumin Seed 130g,,,,,,EA,India,,AQ,,12.00,,$3.05,$3.51,
280CUS1,,Organic Cumin Seed 1kg,,,,,,EA,,,,,12.00,,$13.05,$15.01,
280FG1,,Organic Fenugreek 1kg,,,,,,EA,,,,,1.00,,$4.90,$5.64,
280FTBP08,,Organic FT Black Pepper Corns 80g,,,,,,EA,India,,AQ,,12.00,,$3.81,$4.38,
280FTBPG1,,Organic FT Black Pepper Ground 1kg,,,,,,EA,India,,AQ,,1.00,,$31.00,$35.65,
280FTBP1,,Organic FT Black Pepper Whole 1kg,,,,,,EA,,,,,1.00,,$28.20,$32.43,
280CAW015,,Organic FT Cardamom Pod  150g,,,,,,EA,Sri Lanka,,AQ,,12.00,,$6.85,$7.88,
280FTCP1,,Organic FT Cardamom Pod  1kg,,,,,,EA,,,,,1.00,,$73.10,$84.07,
280FTCP06,,Organic FT Cardamom Pods 60g,,,,,,EA,India,,AQ,,12.00,,$6.40,$7.36,
280FTCLP015,,Organic FT Clove Powder 150g,,,,,,EA,India,,AQ,,12.00,,$8.77,$10.09,
280FTCL080,,Organic FT Clove Powder 80g,,,,,,EA,India,,AQ,,12.00,,$5.15,$5.92,
280FTCLP1,,Organic FT Cloves Powder 1kg,,,,,,EA,New Zealand,,AQ,,1.00,,$47.50,$54.63,
280FTGP01,,Organic FT Ginger Powder 100g,,,,,,EA,India,,AQ,,12.00,,$2.73,$3.14,
280FTGP1,,Organic FT Ginger Powder 1kg,,,,,,EA,India,,,,12.00,,$13.50,$15.53,
280FTWP08,,Organic FT White Pepper Corns 80g,,,,,,EA,India,,AQ,,12.00,,$4.23,$4.86,
280FTWPG1,,Organic FT White Pepper Ground 1kg,,,,,,EA,India,,AQ,,12.00,,$32.95,$37.89,
280FTWP1,,Organic FT White Pepper Whole 1kg,,,,,,EA,,,,,1.00,,$32.85,$37.78,
280GARP1,,Organic Garlic Powder 800g,,,,,,EA,,,AQ,,12.00,,$6.10,$7.02,
290PA04,,Parsley Dried 400g,,,,,,EA,,,,,12.00,,$12.00,$13.80,
290PE02,,Peppermint 200gm,,,,,,EA,,,,,12.00,,$4.75,$5.46,
280PSP025,,Psyllium Powder 250g,,,,,,EA,India,,AQ,,12.00,,$5.80,$6.67,
290RL100,,Raspberry Leaf 100g,,,,,,EA,,,,,12.00,,$6.65,$7.65,
290RL300,,Raspberry Leaf 300g,,,,,,EA,,,,,12.00,,$6.65,$7.65,
290RL003,,Raspberry Leaf 30g,,,,,,EA,,,,,12.00,,$2.20,$2.53,
280RCF45,,Red Chilli Flakes 450g,,,,,,EA,,,,,1.00,,$6.55,$7.53,
280RCF05,,Red Chilli Flakes 50g,,,,,,EA,India,,AQ,,12.00,,$2.09,$2.40,
280RCP1,,Red Chilli Powder 1KG,,,,,,EA,,,,,10.00,,$11.75,$13.51,
290RO500,,Rosemary 500gm,,,,,,EA,,,,,12.00,,$4.00,$4.60,
290RO01,,Rosemary Dried 100g,,,,,,EA,,,,,12.00,,$2.80,$3.22,
290SA01,,Sage 100g,,,,,,EA,,,,,12.00,,$4.20,$4.83,
290SA45,,Sage 450g,,,,,,EA,,,,,12.00,,$14.00,$16.10,
290SA003,,Sage Dried 30g,,,,,,EA,,,,,12.00,,$2.30,$2.65,
290SAV015,,Savory 150g,,,,,,EA,,,,,12.00,,$6.60,$7.59,
290SAV05,,Savory 500g,,,,,,EA,,,,,12.00,,$18.80,$21.62,
290SAV06,,Savoury Dried 60g,,,,,,EA,,,,,12.00,,$3.35,$3.85,
290TA05,,Tarragon 500g Dragon Leaf,,,,,,EA,,,,,12.00,,$30.00,$34.50,
290TA080,,Tarragon Dried 80g,,,,,,EA,,,,,12.00,,$5.85,$6.73,
290TH1,,Thyme 1kg,,,,,,EA,,,,,12.00,,$14.00,$16.10,
290TH075,,Thyme 750g,,,,,,EA,,,,,12.00,,$12.35,$14.20,
290TH09,,Thyme 90g,,,,,,EA,,,,,12.00,,$2.95,$3.39,
280TP1,,Turmeric Powder 1kg,,,,,,EA,Indonesia,,AQ,,12.00,,$14.65,$16.85,+
280TP06,,Turmeric Powder 60g,,,,,,EA,India,,AQ,,12.00,,$1.82,$2.09,
280VB454,,Vanilla Beans 454gm,,,,,,EA,Indonesia,,AQ,,12.00,,$99.50,$114.43,
290YA1,,Yarrow 1kg,,,,,,EA,,,,,1.00,,$0.00,$0.00,
Spreads,,,,,,,,,,,,,,,,,
130AJ250,,Apricot Jam 250g,,,,,,EA,China,,AQ,,12.00,,$3.45,$3.97,
130PJ250,,Black Doris Plum Jam 250g NZ Fruit,,,,,,EA,New Zealand,,AQ,,12.00,,$3.45,$3.97,
130BJ250,,Blackberry Jam 250g,,,,,,EA,China,,AQ,,12.00,,$3.45,$3.97,
130BCJ250,,Blackcurrant Jam NZ 250g,,,,,,EA,New Zealand,,AQ,,12.00,,$4.30,$4.95,
130BBJ250,,Blueberry Jam NZ 250g,,,,,,EA,New Zealand,,AQ,,12.00,,$4.30,$4.95,
130CJ250,,Cherry Jam NZ 250g,,,,,,EA,New Zealand,,AQ,,12.00,,$4.30,$4.95,
100CPC400,,Classic Crunchy Peanut Butter 400gm,,,,,,EA,China,,AQ,,12.00,,$4.95,$5.69,
100CPC700,,Classic Crunchy Peanut Butter 700gm,,,,,,EA,China,,AQ,,6.00,,$7.65,$8.80,
100CPS400,,Classic Smooth Peanut Butter 400gm,,,,,,EA,China,,AQ,,12.00,,$4.95,$5.69,
100CPS700,,Classic Smooth Peanut Butter 700gm,,,,,,EA,China,,AQ,,6.00,,$7.65,$8.80,
130RJ250,,Raspberry Jam 250g,,,,,,EA,China,,AQ,,12.00,,$4.05,$4.66,
110TH390,,Tahini Hulled 390g,,,,,,EA,Mexico,,AQ,,12.00,,$5.65,$6.50,
110TL390,,Tahini Light 390g,,,,,,EA,Mexico,,AQ,,12.00,,$5.65,$6.50,
110TU390,,Tahini Unhulled 390g,,,,,,EA,Mexico,,AQ,,12.00,,$5.65,$6.50,
110TW400,,Tahini Whole 400gm,,,,,,EA,Various,,AQ,,12.00,,$5.65,$6.50,
110TW700,,Tahini Whole 700gm,,,,,,EA,Various,,AQ,,6.00,,$8.75,$10.06,
100WPC400,,Whole  Peanut Butter Crunchy 400gm,,,,,,EA,China,,AQ,,12.00,,$4.95,$5.69,
100WPC700,,Whole Peanut Butter Crunchy 700gm,,,,,,EA,China,,AQ,,6.00,,$7.65,$8.80,
100WPS400,,Whole Peanut Butter Smooth 400gm,,,,,,EA,China,,AQ,,12.00,,$4.95,$5.69,
100WPS700,,Whole Peanut Butter Smooth 700gm,,,,,,EA,China,,AQ,,6.00,,$7.65,$8.80,
Sweeteners,,,,,,,,,,,,,,,,,
320AS250,,Apple Syrup 250ml,,,,,,EA,New Zealand,,AQ,,12.00,,$4.40,$5.06,
320AS500,,Apple Syrup 500ml,,,,,,EA,New Zealand,,AQ,,12.00,,$7.10,$8.17,
304CS250,,Chantal Carob Syrup 250 ml,,,,,,EA,Australia,,AQ,,12.00,,$10.15,$11.67,
400SB1,,Organic Brown Sugar 1kg,,,,,,EA,India,,,,12.00,,$4.30,$4.95,
400SB05,,Organic Brown Sugar 500g,,,,,,EA,India,,,,12.00,,$2.80,$3.22,
400SW1,,Organic White Sugar 1.1kg,,,,,,EA,India,,,,12.00,,$4.30,$4.95,
400SW05,,Organic White Sugar 550g,,,,,,EA,India,,,,12.00,,$2.80,$3.22,
400RS500,,Rice Syrup 500g,,,,,,EA,Pakistan,,AQ,,12.00,,$3.95,$4.54,
400RS900,,Rice Syrup 900g,,,,,,EA,Pakistan,,AQ,,6.00,,$6.10,$7.02,
400GSFT1.25,,Sugar Golden FTO 1.25kg,,,,,,EA,India,,AQ,,12.00,,$4.50,$5.18,+
400GSFT550,,Sugar Golden FTO 550g,,,,,,EA,India,,AQ,,12.00,,$2.90,$3.34,+
Vinegar,,,,,,,,,,,,,,,,,
180CV500,,Apple Cider Vinegar 500ml,,,,,,EA,New Zealand,,AQ,,12.00,,$3.95,$4.54,
180CV2,,Cider Vinegar 2 lt,,,,,,EA,New Zealand,,AQ,,1.00,,$7.75,$8.91,
180B250,,Modena Balsamic 250ml,,,,,,EA,Italy,,AQ,,12.00,,$8.10,$9.32,
Retail Non Organic,,,,,,,,,,,,,,,,,
Baking,,,,,,,,,,,,,,,,,
520CB1,,Ola Cacao Beans Raw - 1 Kg,,,,,,EA,Samoa,,Natural,,1.00,,$29.90,$34.39,
520CB200,,Ola Cacao Beans Raw - 200gm,,,,,,EA,Samoa,,Natural,,1.00,,$6.63,$7.62,
520CN100,,Ola Cacao Nibs Raw -100g,,,,,,EA,Samoa,,Natural,,6.00,,$4.23,$4.86,
520CN1,,Ola Cacao Nibs Raw Sundried -1k,,,,,,EA,Samoa,,Natural,,1.00,,$35.10,$40.37,
520RN150,,Ola Cacao Nibs ROASTED - 150gm,,,,,,EA,Samoa,,Natural,,1.00,,$5.10,$5.87,
Bathroom \ pegs,,,,,,,,,,,,,,,,,
331GOCB,,Go Bamboo Cottonbuds - 200's,,,,,,EA,China,,Natural,,12.00,,$3.00,$3.45,
331GOPG,,Go Bamboo Pegs Wooden,,,,,,EA,China,,Natural,,12.00,,$2.45,$2.82,
331GOTBA,,Go Bamboo Tooth Brush - Adult,,,,,,EA,China,,Natural,,25.00,,$2.45,$2.82,
331GOTBC,,Go Bamboo Tooth Brush - Child,,,,,,EA,China,,Natural,,25.00,,$2.45,$2.82,
331VB,,Go Bamboo Vege Brush,,,,,,EA,China,,,,1.00,,$5.20,$5.98,
331ES15,,Natural Epsom Salts 1.5KG,,,,,,EA,China,,Natural,,12.00,,$2.92,$3.36,
340TU6,,Safe Toilet Tissue Unbleached 6 pack,,,,,,EA,Various,,,,,,$3.95,$4.54,
340TW6,,Safe Toilet Tissue White 6 Pack,,,,,,EA,,,,,12.00,,$3.95,$4.54,
Beverage RTD,,,,,,,,,,,,,,,,,
171A2,,Apple Juice 2L natural,,,,,,EA,New Zealand,,Natural,,6.00,,$4.95,$5.69,
170AAP1,,Chantal Apple and Apricot Juice 1L,,,,,,EA,New Zealand,,Natural,,9.00,,$3.95,$4.54,
170ACR1,,Chantal Apple and Cherry Juice 1L,,,,,,EA,New Zealand,,Natural,,9.00,,$3.95,$4.54,
170ACB1,,Chantal Apple and Cranberry Juice 1L,,,,,,EA,New Zealand,,Natural,,9.00,,$3.95,$4.54,
170ADP1,,Chantal Apple and Doris Plum Juice 1L,,,,,,EA,New Zealand,,Natural,,9.00,,$3.95,$4.54,
171AP1,,Chantal Apple and Pear Juice Natural 1L,,,,,,EA,New Zealand,,Natural,,9.00,,$3.95,$4.54,
171AP2,,Chantal Apple and Pear Juice Natural 2L,,,,,,EA,New Zealand,,Natural,,6.00,,$4.95,$5.69,
171APG1,,Chantal Apple Pear and Ginger Juice 1L,,,,,,EA,New Zealand,,Natural,,12.00,,$3.95,$4.54,
171P1,,Chantal Organic Pear Juice 1L,,,,,,EA,New Zealand,,Natural,,6.00,,$3.95,$4.54,
171P2,,Chantal Organic Pear Juice 2L,,,,,,EA,New Zealand,,Natural,,6.00,,$4.95,$5.69,
171GR1,,Chantal Red Grape Juice Natural 1L,,,,,,EA,New Zealand,,Natural,,12.00,,$7.70,$8.86,
Cereal / Breakfast,,,,,,,,,,,,,,,,,
211AA750,,Grainola Apricot & Almond 750gm,,,,,,EA,Various,,Natural,,12.00,,$6.80,$7.82,
211GZ750,,Grainola Ginger Zest 750gm,,,,,,EA,Various,,Natural,,12.00,,$6.80,$7.82,
211SB750,,Muesli Swiss Bircher 750gm,,,,,,EA,Various,,Natural,,12.00,,$6.25,$7.19,
Coffee Tea,,,,,,,,,,,,,,,,,
223CDB1,,Chantal FT Coffee Dark Roast Bean 1kg,,,,,,EA,New Zealand,,,,10.00,,$22.00,$25.30,
223CDB25,,Chantal FT Coffee Dark Roast Bean 250,,,,,,EA,New Zealand,,,,12.00,,$5.95,$6.84,+
223CDP1,,CHANTAL FT Coffee Dark Roast Plunger 1kg,,,,,,EA,New Zealand,,,,10.00,,$22.00,$25.30,+
223CDP250,,CHANTAL FT Coffee Dark Roast Plunger 250,,,,,,EA,New Zealand,,,,12.00,,$5.95,$6.84,
223CGP25,,CHANTAL FT Coffee Gold Plunger 250g,,,,,,EA,New Zealand,,,,12.00,,$5.95,$6.84,
223CGP1,,CHANTAL FT Coffee Gold Roast Plunger 1kg,,,,,,EA,New Zealand,,,,10.00,,$22.00,$25.30,+
223CGB1,,CHANTAL FT Coffee Golden Roast Beans 1kg,,,,,,EA,New Zealand,,,,12.00,,$22.00,$25.30,+
223CGB250,,CHANTAL FT Coffee Golden Roast Beans 250,,,,,,EA,New Zealand,,,,12.00,,$5.95,$6.84,
Dry bean \ Pulse,,,,,,,,,,,,,,,,,
002CP05,,Chickpeas NZ Natural 500g,,,,,,EA,New Zealand,,Natural,,12.00,,$2.70,$3.11,
051FGL1,,French Green Lentil Natural 1kg,,,,,,EA,New Zealand,,Natural,,12.00,,$5.75,$6.61,
051FGL05,,French Green Lentil Natural 500g,,,,,,EA,New Zealand,,Natural,,12.00,,$3.60,$4.14,
002SO1,,Soya Beans 1kg - Natural,,,,,,EA,New Zealand,,Natural,,12.00,,$5.30,$6.10,
Fruit Dry,,,,,,,,,,,,,,,,,
018PD1,,Banana Pitcairn Island Diced 100 g,,,,,,EA,Pitcairn,,Natural,,1.00,,$3.20,$3.68,
081BPD1,,Banana Pitcairn Island Diced 1kg,,,,,,EA,Pitcairn,,Natural,,1.00,,$29.00,$33.35,
018PD2,,Banana Pitcairn Island Diced 200 g,,,,,,EA,Pitcairn,,Natural,,1.00,,$6.40,$7.36,
081BPW3,,Banana Pitcairn Island Halves 300g- Nat,,,,,,EA,Pitcairn,,Natural,,1.00,,$6.40,$7.36,
081BPW1,,Banana Pitcairn Island Whole 1kg,,,,,,EA,Pitcairn,,Natural,,1.00,,$29.00,$33.35,
081PA3,,Papaya - Natural - 200gm,,,,,,EA,Pitcairn,,Natural,,1.00,,$5.60,$6.44,
Health Powder,,,,,,,,,,,,,,,,,
391BP01,,Beetroot Powder 100g,,,,,,EA,New Zealand,,Natural,,12.00,,$10.25,$11.79,-
391BRP01,,Broccoli Powder 100g,,,,,,EA,New Zealand,,AQ,,12.00,,$10.25,$11.79,-
391CP01,,Carrot Powder 100g,,,,,,EA,New Zealand,,Natural,,12.00,,$10.25,$11.79,-
391K100,,Kale Powder 100g,,,,,,EA,New Zealand,,,,12.00,,$10.25,$11.79,-
391K1,,Kale Powder Natural 1kg,,,,,,EA,New Zealand,,Natural,,10.00,,$96.50,$110.98,+
391SE70,,Slippery Elm 70g,,,,,,EA,United States,,Natural,,12.00,,$6.53,$7.51,
Salt,,,,,,,,,,,,,,,,,
420SC400,,Sea Salt  Coarse 400gm,,,,,,EA,New Zealand,,Natural,,12.00,,$2.20,$2.53,
420SC750,,Sea Salt Coarse 750gm,,,,,,EA,New Zealand,,Natural,,12.00,,$3.20,$3.68,
420SF400,,Sea Salt Fine 400gm,,,,,,EA,New Zealand,,Natural,,12.00,,$2.20,$2.53,
420SF750,,Sea Salt Fine 750gm,,,,,,EA,New Zealand,,Natural,,12.00,,$3.20,$3.68,
420SAF150,,Sea Salt Flakes 150gm,,,,,,EA,New Zealand,,Natural,,12.00,,$5.00,$5.75,
420SAF04,,Sea Salt Flakes 400g,,,,,,EA,New Zealand,,Natural,,12.00,,$10.70,$12.31,
Seeds,,,,,,,,,,,,,,,,,
040AA250,,Alfalfa Seed 250g,,,,,,EA,New Zealand,,Natural,,12.00,,$4.95,$5.69,
041MR1,,Mustard Seed Red 1 kg,,,,,,KG,New Zealand,,,,12.00,,$4.40,$5.06,
041MR200,,Mustard Seed Red 200 g,,,,,,EA,New Zealand,,,,12.00,,$4.40,$5.06,
041PSN04,,Pumpkin Seed NZ 400g,,,,,,EA,,,,,12.00,,$9.60,$11.04,
041PSNZ1,,Pumpkin Seed NZ Natural 1kg,,,,,,EA,New Zealand,,Natural,,12.00,,$20.90,$24.04,
Snack Food,,,,,,,,,,,,,,,,,
520CV50,,Ola Cacao Chocolate with Vanilla - 50g,,,,,,,Samoa,,Natural,,1.00,,$3.70,$4.26,
520C90,,Ola Cacaoccino 100%  - 90gm -,,,,,,EA,Samoa,,Natural,,12.00,,$5.60,$6.44,
Spreads,,,,,,,,,,,,,,,,,
101ABN250,,Almond Butter Natural 230gm,,,,,,EA,Various,,Natural,,12.00,,$8.58,$9.87,
451B1,,Chantal Natural Bush Honey 1 kg,,,,,,EA,New Zealand,,,,1.00,,$16.95,$19.49,
451B5,,Chantal Natural Bush Honey 500 g,,,,,,EA,New Zealand,,,,1.00,,$9.41,$10.82,
451C1,,Chantal Natural Coastal Honey 1 kg,,,,,,EA,,,,,1.00,,$16.95,$19.49,
451C5,,Chantal Natural Coastal Honey 500 g,,,,,,EA,New Zealand,,,,1.00,,$9.41,$10.82,
451M1,,Chantal Natural Manuka Honey 1kg,,,,,,EA,New Zealand,,Natural,,24.00,,$40.00,$46.00,
451M5,,Chantal Natural Manuka Honey 500 gm,,,,,,EA,New Zealand,,Natural,,24.00,,$21.00,$24.15,
451ME1,,Chantal Natural Meadow Honey 1 kg,,,,,,,,,,,1.00,,$16.95,$19.49,
451ME5,,Chantal Natural Meadow Honey 500 gm,,,,,,EA,,,,,1.00,,$9.41,$10.82,
451TT1,,Chantal Natural Ted Tickles Honey 1kg,,,,,,EA,New Zealand,,Natural,,1.00,,$16.95,$19.49,
451TT500,,Chantal Natural Ted Tickles Honey 500,,,,,,EA,New Zealand,,Natural,,1.00,,$9.41,$10.82,
Bulk Uncertified,,,,,,,,,,,,,,,,,
Health Powder,,,,,,,,,,,,,,,,,
391BP1,,Beetroot Powder 1kg,,,,,,,,,,,1.00,,$95.00,$95.00,
391BRPB,,Broccoli Powder Bulk,,,,,,KG,New Zealand,,,,1.00,,$0.00,$0.00,
391SE,,Slippery Elm Bark Powder per kg 20kg,,,,,,KG,United States,,,,1.00,,$67.50,$67.50,
Bulk Organic,,,,,,,,,,,,,,,,,
Animal Food,,,,,,,,,,,,,,,,,
030CW25,,Chook Wheat 25kg /kg,,,,,,KG,New Zealand,,AQ,,1.00,,$2.20,$2.20,-
380HLP25,,Hen Laying Pellets - 25kg sack  /kg,,,,,,KG,New Zealand,,,,1.00,,$1.82,$1.82,
035AOQ25,,Stock Oats 25kg Scalzo BLUE,,,,,,KG,Australia,,NASAA,,1.00,,$1.80,$1.80,
Baking,,,,,,,,,,,,,,,,,
304CP25,,Carob Powder 25 kg,,,,,,KG,SPAIN,,CACEV,,1.00,,$8.20,$8.20,
305CP25,,Cocoa Powder Alkalized 25 kg,,,,,,KG,,,,,1.00,,$15.90,$15.90,
Canned goods,,,,,,,,,,,,,,,,,
244RKB25,,Feger Red Kidney Beans 2.5kg,,,,,,EA,Italy,,EcoGruppo Italia,,6.00,,$8.30,$8.30,
Cereal / Breakfast,,,,,,,,,,,,,,,,,
035OJ3,,Jumbo Oats 3kg,,,,,,EA,Australia,,AQ,,1.00,,$9.90,$9.90,
210GB10,,Just Add Grainola Base 10kg,,,,,,EA,New Zealand,,AQ,,1.00,,$48.75,$48.75,
030BLOB25,,Oat Bran 25 kg BLM,,,,,,KG,Australia,,NASAA,,1.00,,$4.40,$4.40,
030BLJO25,,Oats  Jumbo 25 kg BLM,,,,,,KG,Australia,,NASAA,,1.00,,$2.80,$2.80,
030BLQO25,,Oats  Quick 25 kg BLM,,,,,,KG,Australia,,NASAA,,1.00,,$2.80,$2.80,
035OQ3,,Quick Rolled Oats 3kg,,,,,,EA,Australia,,AQ,,1.00,,$9.90,$9.90,
Dairy,,,,,,,,,,,,,,,,,
410BS25,,Butter Full Cream Salted 25kg Block,,,,,,EA,New Zealand,,Eco-Cert,,1.00,,$299.95,$299.95,
410BU25,,Butter Full Cream Unsalted 25kg Block,,,,,,EA,New Zealand,,Eco-Cert,,1.00,,$299.95,$299.95,
410CC20,,Cheese Cheddar 20kg Block,,,,,,EA,New Zealand,,AQ,,1.00,,$278.00,$278.00,
Dry bean \ Pulse,,,,,,,,,,,,,,,,,
001AD25,,Adzuki Beans  25kg,,,,,,KG,China,,Eco-Cert,,1.00,,$3.20,$3.20,
001BT25,,BlackTurtle Beans 25kg,,,,,,KG,China,,Eco-Cert,,1.00,,$3.95,$3.95,
001CA25,,Cannellini Beans 25kg (White kidney),,,,,,KG,China,,Eco-Cert,,1.00,,$4.95,$4.95,
060NZGSP25,,Green Spilt Peas NZ  25 kg,,,,,,KG,New Zealand,,AQ,,1.00,,$2.60,$2.60,
060NZGSP5,,Green Spilt Peas NZ  5 kg,,,,,,EA,New Zealand,,AQ,,1.00,,$3.10,$3.10,
001WKL1,,Large White Kidney (Lima) Beans 1kg,,,,,,EA,,,,,1.00,,$6.95,$6.95,
001WKL25,,Large White Kidney (Lima) Beans 25kg,,,,,,KG,China,,Eco-Cert,,1.00,,$5.95,$5.95,
001MG25,,Mung Beans 25kg,,,,,,KG,China,,Eco-Cert,,1.00,,$5.25,$5.25,
001CP5,,Organic Chickpeas 5 kg,,,,,,EA,Turkey,,AQ,,1.00,,$22.80,$22.80,
050RW5,,Organic Red Football Lentils 5kg,,,,,,EA,Turkey,,AQ,,1.00,,$26.10,$26.10,
050RS25,,Organic Red Split Lentils 25kg,,,,,,KG,Turkey,,BCS,,1.00,,$4.50,$4.50,
050RW25,,Organic Red Whole Football Lentils 25kg,,,,,,KG,Turkey,,BCS,,1.00,,$4.75,$4.75,
050YL25,,Organic Yellow Lentils NZ -25kg,,,,,,KG,New Zealand,,AQ,,25.00,,$4.50,$4.50,
001PI25,,Pinto Beans 25kg,,,,,,KG,China,,Eco-Cert,,1.00,,$3.95,$3.95,
001RK25,,Red Kidney Beans  25kg,,,,,,KG,China,,Eco-Cert,,1.00,,$5.95,$5.95,
001WKS25,,Small White Kidney (Navy) Bean 25kg,,,,,,KG,China,,Eco-Cert,,1.00,,$4.45,$4.45,
001WKS1,,Small White Kidney (Navy) Beans 1 kg,,,,,,EA,,,,,1.00,,$5.60,$5.60,
060NZYSP25,,Yellow Split Peas NZ  25 kg,,,,,,KG,New Zealand,,AQ,,1.00,,$2.60,$2.60,
060NZYSP5,,Yellow Split Peas NZ  5 kg,,,,,,EA,New Zealand,,AQ,,1.00,,$3.20,$3.20,
Essences,,,,,,,,,,,,,,,,,
310VD3.79,,Vanilla Extract Double Strength 3.79L,,,,,,EA,Indonesia,,AQ,,1.00,,$180.20,$180.20,
310VD500,,Vanilla Extract Double Strength 500ml,,,,,,EA,Indonesia,,AQ,,1.00,,$32.75,$32.75,
310VS3.79,,Vanilla extract Single Strength 3.79L,,,,,,EA,Indonesia,,AQ,,1.00,,$157.20,$157.20,
310VS500,,Vanilla Extract single Strength 500ml,,,,,,EA,Indonesia,,AQ,,1.00,,$28.75,$28.75,
Flour,,,,,,,,,,,,,,,,,
020LUMJ25,,Australian Cake Flour 25 kg,,,,,,KG,Australia,,NASAA,,1.00,,$2.40,$2.40,
020LUSR25,,Australian Self Raising Flour 25 kg,,,,,,KG,Australia,,NASAA,,1.00,,$3.00,$3.00,
020LUSP12.5,,Australian Spelt White Flour 12.5 kg,,,,,,EA,Australia,,NASAA,,1.00,,$58.75,$58.75,
020LUSPWM12.5,,Australian Spelt Wholemeal Flour 12.5 kg,,,,,,EA,,,,,1.00,,$58.75,$58.75,
020LUW12.5,,Australian Unbleached White Flour 12.5kg,,,,,,EA,Australia,,NASAA,,1.00,,$30.90,$30.90,
020LUW25,,Australian Unbleached White Flour 25kg,,,,,,KG,Australia,,AQ,,1.00,,$2.40,$2.40,
020LUWH12.5,,Australian Wholemeal Flour 12.5 kg,,,,,,EA,Australia,,NASAA,,1.00,,$30.90,$30.90,
020LUWH25,,Australian Wholemeal Flour 25 kg,,,,,,KG,Australia,,NASAA,,1.00,,$2.40,$2.40,
020BA25,,Barley Flour Stoneground 25kg,,,,,,KG,New Zealand,,AQ,,1.00,,$3.35,$3.35,
020BBF25,,Black Bean Flour 25kg,,,,,,KG,China,,Eco-Cert,,1.00,,$2.75,$2.75,
020RBP25,,Brown Rice Flour 25kg,,,,,,KG,Pakistan,,CUC,,1.00,,$2.25,$2.25,
020BT25,,Buckwheat Flour 25kg,,,,,,KG,China,,Eco-Cert,,1.00,,$3.08,$3.08,
020MC20,,Corn Flour (NZ) 20 kg,,,,,,KG,New Zealand,,AQ,,1.00,,$3.90,$3.90,
020MCW20,,Corn Flour Wholegrain (NZ) 20 kg,,,,,,KG,New Zealand,,AQ,,1.00,,$3.90,$3.90,
020CM20,,Corn Meal  (NZ) 20 kg,,,,,,KG,New Zealand,,AQ,,1.00,,$3.90,$3.90,
020OA25,,Oat Flour 25kg,,,,,,KG,Australia,,AQ,,1.00,,$4.35,$4.35,
035PNZ20,,Polenta New Zealand 25 kg per bag,,,,,,KG,New Zealand,,BG,,1.00,,$3.90,$3.90,
035PMNZ20,,Polenta NZ  Coarse - 20 kg,,,,,,KG,New Zealand,,AQ,,1.00,,$3.90,$3.90,
035PFNZ20,,Polenta NZ Fine - 20 kg,,,,,,EA,Australia,,AQ,,1.00,,$3.90,$3.90,
020SS25,,Sesame Flour 25kg,,,,,,KG,Mexico,,,,25.00,,$5.20,$5.20,
035WBF20,,Wheat Bran Flakes Fine - NZ - 25kg,,,,,,EA,New Zealand,,AQ,,1.00,,$0.65,$0.65,
020SGW25,,White Flour NZ Stoneground 25kg,,,,,,KG,New Zealand,,AQ,,1.00,,$2.95,$2.95,
020SWMNZ25,,Wholemeal Flour NZ Stoneground 25kg,,,,,,KG,New Zealand,,AQ,,1.00,,$2.95,$2.95,
020SWMNZ5,,Wholemeal Flour NZ Stoneground 5kg,,,,,,EA,New Zealand,,AQ,,1.00,,$17.30,$17.30,
020PY25,,Yellow Pea Flour 25kg,,,,,,KG,New Zealand,,AQ,,1.00,,$3.05,$3.05,
020Z425,,Zentrofan 4 Grain Flour 25kg,,,,,,KG,New Zealand,,AQ,,1.00,,$2.95,$2.95,
020Z725,,Zentrofan 7 Grain Flour 25kg,,,,,,KG,New Zealand,,AQ,,1.00,,$3.25,$3.25,
020ZW25,,Zentrofan Wheat Flour 25kg,,,,,,KG,New Zealand,,AQ,,1.00,,$2.95,$2.95,
Frozen,,,,,,,,,,,,,,,,,
PFZBK,,Frozen Blackberries -,,,,,,EA,,,,,1.00,,$0.00,$0.00,
Fruit Dry,,,,,,,,,,,,,,,,,
080GB10,,Goji Berries  Organic Dried 10 kg / kg,,,,,,KG,China,,Eco-Cert,,1.00,,$40.10,$40.10,+
080ST12,,Organic Sultanas 12.5kg,,,,,,KG,Turkey,,BCS,,1.00,,$6.75,$6.75,
080RR10,,Raisins Red  10 kg / kg,,,,,,KG,China,,Eco-Cert,,1.00,,$8.65,$8.65,+
Grains,,,,,,,,,,,,,,,,,
030BH25,,Buckwheat Hulled 25kg,,,,,,KG,China,,Eco-Cert,,1.00,,$2.20,$2.20,
030BH5,,Buckwheat Hulled 5kg,,,,,,EA,China,,AQ,,1.00,,$11.00,$11.00,
035BK20,,Buckwheat Kibbled 20kg (Pre order),,,,,,KG,China,,AQ,,1.00,,$3.50,$3.50,
035BT25,,Buckwheat Toasted 25kg Kasha (Pre-order),,,,,,KG,China,,AQ,,1.00,,$3.50,$3.50,
035BWC25,,Bulgur Wheat Coarse 25kg,,,,,,KG,Turkey,,BCS,,1.00,,$2.50,$2.50,
035BWC5,,Bulgur Wheat Coarse 5kg,,,,,,EA,Turkey,,AQ,,1.00,,$15.30,$15.30,
030HWT,,Hard Wheat 1 Ton tote bag,,,,,,KG,New Zealand,,AQ,,1.00,,$0.00,$0.00,
030HW25,,Hard Wheat 25kg,,,,,,KG,New Zealand,,AQ,,25.00,,$2.45,$2.45,
030MH25,,Millet Hulled (Sticky) 25kg,,,,,,KG,China,,AQ,,1.00,,$2.50,$2.50,
030CW20,,Milling Corn Whole (NZ)  20kg,,,,,,KG,New Zealand,,AQ,,1.00,,$2.35,$2.35,
030CW5,,Milling Corn Whole NZ  5 kg,,,,,,EA,Australia,,AQ,,1.00,,$2.85,$2.85,
030BP25,,Pearl Barley 25kg,,,,,,KG,New Zealand,,BG,,1.00,,$2.95,$2.95,
030BP5,,Pearl Barley 5kg,,,,,,EA,New Zealand,,AQ,,1.00,,$17.00,$17.00,
035BPK25,,Pearl Barley Kibbled 25kg (Pre order),,,,,,KG,New Zealand,,AQ,,1.00,,$3.70,$3.70,
030PC25,,Popcorn 25kg,,,,,,KG,New Zealand,,AQ,,1.00,,$3.50,$3.50,
030PC5,,Popcorn 5kg,,,,,,EA,New Zealand,,AQ,,1.00,,$20.00,$20.00,
030RY25,,Rye Grain 25kg,,,,,,KG,New Zealand,,AQ,,1.00,,$2.65,$2.65,
035WK25,,Wheat Kibbled 25kg,,,,,,KG,New Zealand,,AQ,,1.00,,$2.00,$2.00,
Health Powder,,,,,,,,,,,,,,,,,
390BG20,,Barley Grass Powder Organic 20 kg,,,,,,KG,New Zealand,,AQ,,1.00,,$45.00,$45.00,
390MP20,,Maca Powder 20 kg,,,,,,KG,Peru,,CUC,,1.00,,$75.40,$75.40,
390KPEP,,Organic Kelp Pepper 20kg bulk,,,,,,KG,New Zealand,,AQ,,1.00,,$58.00,$58.00,
390KPOW,,Organic Kelp Powder 20kg bulk,,,,,,KG,New Zealand,,AQ,,1.00,,$58.00,$58.00,
390SP25,,Organic Spirulina 25 kg,,,,,,KG,China,,Eco-Cert,,1.00,,$35.25,$35.25,
390WG20,,Wheat Grass Powder Organic  20 kg,,,,,,KG,New Zealand,,AQ,,1.00,,$45.00,$45.00,
Nuts Dry,,,,,,,,,,,,,,,,,
090PRR25,,Peanuts Raw Red Skin 25kg,,,,,,KG,China,,Eco-Cert,,1.00,,$4.75,$4.75,
090PR25,,Peanuts Roasted 25kg Pre-order,,,,,,KG,China,,AQ,,1.00,,$5.50,$5.50,
,,,,,,,,,,,,,,,,,
,,,,,,,,,,,,,,,,,
,,,,,,,,,,,,,,,,,
,,,,,,,,,,,,,,,,,
,,,,,,,,,,,,,,,,,
,,,,,,,,,,,,,,,,,
,,,,,,,,,,,,,,,,,
,,,,,,,,,,,,,,,,,
,,,,,,,,,,,,,,,,,
,,,,,,,,,,,,,,,,,
,,,,,,,,,,,,,,,,,
,,,,,,,,,,,,,,,,,
,,,Chantal Organic Wholesalers 2013 Ltd,,,,,,,,,,,,,Catalogue,
,,,,,,,,,,,,,,,,,
,,,93 Austin Street,,,,,,,,,,,,,,
,,,Onekawa,,,,,,,,,,,,,,
,,,Napier 4110,,,,,,,,,,,,,,
,,,Phone: 06 843 2114,,,,,,,,,,,,,,
,,,Facsimile: 06 843 9151,,,,,,,,,,,,,,
,,,Email: orders@chantal.co.nz,,,,,,,,,,,,,,
,,, GST: 105-741-243,,,,,,,,,,Prices subject to change without notice,,,,
,,,,,,,,,,,,,,,,,
,,,,,,,,,,,,,,,,,
CODE,,DESCRIPTION,,,,,MEASURE,,ORIGIN,,CERTIFICATION,,OUTER,OUTER $,,UNIT $,PRICE
,,,,,,,,,,,,,,,,,UPDATE
Oil,,,,,,,,,,,,,,,,,
190CD20,,Coconut Oil Deodorised  20 litre,,,,,,EA,Phillipines,,AQ,,1.00,,$147.00,$147.00,
190CD4,,Coconut Oil Deodorised  4 litre,,,,,,EA,Phillipines,,AQ,,1.00,,$37.00,$37.00,
190CD10,,Coconut Oil Deodorised 10 litre,,,,,,EA,Phillipines,,AQ,,1.00,,$78.25,$78.25,
190CEV10,,Coconut Oil Virgin 10 litre,,,,,,EA,Phillipines,,AQ,,1.00,,$169.90,$169.90,
190CEV20,,Coconut Oil Virgin 20 litre,,,,,,EA,Phillipines,,AQ,,1.00,,$332.65,$332.65,
190CEV4,,Coconut Oil Virgin 4 litre,,,,,,EA,Phillipines,,AQ,,1.00,,$72.40,$72.40,
190TVO200,,Extra Virgin Turkish Olive Oil 200lt,,,,,,KG,Turkey,,BCS,,1.00,,$0.00,$0.00,
190TV3,,Olive Oil VIRGIN Organic Turkish 3lt,,,,,,EA,,,,,1.00,,$38.45,$38.45,
190SV3,,Organic Virgin C/P sesame Oil 3lt,,,,,,EA,,,,,1.00,,$37.85,$37.85,
190SV205,,Sesame Oil EV Cold Pressed 205,,,,,,L,Mexico,,,,205.00,,$0.00,$0.00,
190ST3,,Sesame Oil Organic Toasted 3lt,,,,,,EA,Mexico,,OCIA,,1.00,,$37.85,$37.85,
190ST205,,Sesame Oil Toasted 205l,,,,,,L,Mexico,,OCIA,,205.00,,$0.00,$0.00,
Seasoning,,,,,,,,,,,,,,,,,
440RSS10,,Soy Sauce Reduced Salt 10lt,,,,,,EA,China,,AQ,,1.00,,$78.85,$78.85,
440RSS20,,Soy Sauce Reduced Salt 20lt,,,,,,EA,China,,AQ,,1.00,,$149.20,$149.20,
440RSS3,,Soy Sauce Reduced Salt 3lt,,,,,,EA,China,,AQ,,1.00,,$29.50,$29.50,
440SS10,,Soy Sauce Shoyu 10 litre,,,,,,EA,China,,AQ,,1.00,,$78.85,$78.85,
440SS20,,Soy Sauce Shoyu 20 litre,,,,,,EA,China,,AQ,,1.00,,$149.20,$149.20,
440SS3,,Soy Sauce Shoyu 3 litre,,,,,,EA,China,,AQ,,1.00,,$29.50,$29.50,
440TS10,,Tamari Soy Sauce 10 litre,,,,,,EA,China,,AQ,,1.00,,$85.70,$85.70,
440TS20,,Tamari Soy Sauce 20 litre,,,,,,EA,China,,AQ,,1.00,,$162.15,$162.15,
440TS3,,Tamari Soy Sauce 3 litre,,,,,,EA,China,,AQ,,1.00,,$32.00,$32.00,
Seeds,,,,,,,,,,,,,,,,,
040MBK25,,Mustard Seed Black 25kg,,,,,,KG,India,,One-Cert,,1.00,,$4.40,$4.40,
040MB25,,Mustard Seed Brown 25kg,,,,,,KG,New Zealand,,,,1.00,,$5.30,$5.30,
040MY25,,Mustard Seed Yellow 25kg,,,,,,KG,New Zealand,,,,1.00,,$4.50,$4.50,
040AMAR20,,Organic Amaranth Seed 20kg,,,,,,KG,India,,Aditi,,1.00,,$3.40,$3.40,
040SF25,,Organic Sunflower Seed 25kg,,,,,,KG,China,,Eco-Cert,,1.00,,$4.15,$4.15,
040PSC25,,Pumpkin Seed Chinese 25kg,,,,,,KG,China,,AQ,,1.00,,$10.95,$10.95,
040SSH25,,Sesame Seed Hulled 25kg,,,,,,KG,China,,Eco-Cert,,1.00,,$4.95,$4.95,
040SSMH25,,Sesame Seed Hulled 25kg,,,,,,KG,Mexico,,,,25.00,,$7.45,$7.45,
040SSMU25,,Sesame Seed Unhulled 25kg,,,,,,KG,Mexico,,OCIA,,25.00,,$6.50,$6.50,
040SSU25,,Sesame Seed Unhulled 25kg,,,,,,KG,China,,Eco-Cert,,1.00,,$5.00,$5.00,
Spice Herb,,,,,,,,,,,,,,,,,
290BA1,,Basil 10kg,,,,,,EA,India,,AQ,,12.00,,$22.00,$22.00,
290CY1,,Caraway Seed 25kg,,,,,,EA,Egypt,,AQ,,12.00,,$13.00,$13.00,
280CIP25,,Cinnamon Powder 25kg,,,,,,KG,Indonesia,,AQ,,25.00,,$11.54,$11.54,+
280CIQ20,,Cinnamon Quills 25kg,,,,,,KG,Indonesia,,AQ,,1.00,,$19.70,$19.70,
280FTCNS8,,Cinnamon Sticks (Quill) 8kg,,,,,,KG,India,,Aditi,,1.00,,$13.85,$13.85,
280CL1,,Curry Leaf 3.5kg,,,,,,EA,,,,,1.00,,$0.00,$0.00,
280CPH1,,Curry Powder Hot 15kg,,,,,,EA,India,,,,12.00,,$16.65,$16.65,
280CUPH1,,Curry Powder Hot 1kg,,,,,,EA,India,,,,1.00,,$17.75,$17.75,
280GF15,,Garlic Flakes 15kg,,,,,,EA,India,,AQ,,1.00,,$49.75,$49.75,
290HL1,,Hawthorne Leaf 15kg,,,,,,EA,,,,,1.00,,$0.00,$0.00,
290OR1,,Oregano 10kg,,,,,,EA,,,,,1.00,,$12.00,$12.00,
280ARP20,,Organic Arrowroot Powder 20kg,,,,,,KG,India,,Aditi,,1.00,,$6.85,$6.85,
280CES20,,Organic Celery Seed 10kg,,,,,,KG,India,,Aditi,,1.00,,$4.50,$4.50,
280CORS10,,Organic Coriander Seed 10kg,,,,,,KG,India,,Aditi,,1.00,,$5.60,$5.60,
280CUP20,,Organic Cumin Powder 20kg,,,,,,KG,India,,Aditi,,1.00,,$11.75,$11.75,
280CUS20,,Organic Cumin Seed 20kg,,,,,,KG,India,,Aditi,,1.00,,$11.65,$11.65,
280CUR20,,Organic Curry Powder (Mild) 20kg,,,,,,KG,India,,Aditi,,1.00,,$8.30,$8.30,
280FS18,,Organic Fennel Seed 18kg,,,,,,KG,India,,Aditi,,1.00,,$3.45,$3.45,
280FG20,,Organic Fenugreek 20kg,,,,,,KG,India,,Aditi,,1.00,,$3.45,$3.45,
280FTBP20,,Organic FT Black Pepper Whole 20kg,,,,,,KG,India,,Aditi,,1.00,,$26.80,$26.80,
280FTCP10,,Organic FT Cardamom Pod 10kg,,,,,,KG,India,,Aditi,,1.00,,$71.70,$71.70,
280FTCLP20,,Organic FT Cloves Powder 20kg,,,,,,KG,India,,Aditi,,1.00,,$46.20,$46.20,
280FTGP20,,Organic FT Ginger Powder  20kg,,,,,,KG,India,,Aditi,,1.00,,$12.10,$12.10,
280FTWP20,,Organic FT White Pepper Whole 20kg,,,,,,KG,India,,Aditi,,1.00,,$31.45,$31.45,
280GARF20,,Organic Garlic Flakes 20kg,,,,,,KG,India,,Aditi,,1.00,,$5.60,$5.60,
280GARG20,,Organic Garlic Granules 20kg,,,,,,KG,India,,Aditi,,1.00,,$6.00,$6.00,
280GARP20,,Organic Garlic Powder 20kg,,,,,,KG,India,,Aditi,,1.00,,$5.80,$5.80,
280ONF24,,Organic Onion Flakes 24kg,,,,,,KG,India,,Aditi,,1.00,,$8.35,$8.35,
280ONG20,,Organic Onion Granules 20kg,,,,,,KG,India,,Aditi,,1.00,,$9.20,$9.20,
280ONP20,,Organic Onion Powder 20kg,,,,,,KG,India,,Aditi,,1.00,,$6.40,$6.40,
280PSP20,,Organic Psyllium Powder 20kg,,,,,,KG,India,,Aditi,,1.00,,$16.95,$16.95,
280RCF10,,Organic Red Chilli Flakes 10kg,,,,,,KG,India,,Aditi,,1.00,,$11.20,$11.20,
280RCP20,,Organic Red Chilli Powder 20kg,,,,,,KG,India,,Aditi,,1.00,,$10.35,$10.35,
290RQ1,,Rosehip Quarters 25kg,,,,,,EA,,,,,12.00,,$29.60,$29.60,
290RO1,,Rosemary 17kg,,,,,,EA,,,,,12.00,,$16.00,$16.00,
290SA1,,Sage 1kg,,,,,,EA,,,,,1.00,,$20.00,$20.00,
290SAV1,,Savory 15kg,,,,,,EA,,,,,12.00,,$38.35,$38.35,
290TA1,,Tarragon 17kg,,,,,,EA,,,,,12.00,,$60.00,$60.00,
280TP20,,Turmeric 20 kg,,,,,,KG,Indonesia,,AQ,,1.00,,$13.25,$13.25,+
Spreads,,,,,,,,,,,,,,,,,
101ABN4,,Almond Butter Natural 4lt,,,,,,EA,,,,,1.00,,$125.35,$125.35,
100CPC10,,Classic Crunchy Peanut Butter 10 litre,,,,,,EA,China,,AQ,,1.00,,$82.00,$82.00,
100CPC20,,Classic Crunchy Peanut Butter 20 litre,,,,,,EA,China,,AQ,,1.00,,$166.90,$166.90,
100CPC4,,Classic Crunchy Peanut Butter 4 litre,,,,,,EA,China,,AQ,,1.00,,$36.55,$36.55,
100CPS20,,Classic Smooth  Peanut Butter 20 litre,,,,,,EA,China,,AQ,,1.00,,$166.90,$166.90,
100CPS10,,Classic Smooth Peanut Butter 10 litre,,,,,,EA,China,,AQ,,1.00,,$82.00,$82.00,
100CPS4,,Classic Smooth Peanut Butter 4 litre,,,,,,EA,China,,AQ,,1.00,,$36.55,$36.55,
110TW10,,Tahini Whole 10 litre,,,,,,EA,Various,,AQ,,1.00,,$97.70,$97.70,
110TW20,,Tahini Whole 20 litre,,,,,,EA,Various,,AQ,,1.00,,$184.90,$184.90,
110TW4,,Tahini Whole 4 litre,,,,,,EA,Various,,AQ,,1.00,,$43.10,$43.10,
100WPC10,,Whole Peanut But Crunchy 10L (pre order),,,,,,L,China,,AQ,,1.00,,$82.00,$82.00,
100WPC20,,Whole Peanut But Crunchy 20L (pre order),,,,,,EA,China,,AQ,,1.00,,$166.90,$166.90,
100WPC4,,Whole Peanut But Crunchy 4L (pre order),,,,,,L,China,,AQ,,1.00,,$36.55,$36.55,
100WPS10,,Whole Peanut Butter Smooth 10 litre,,,,,,EA,China,,AQ,,1.00,,$82.00,$82.00,
100WPS20,,Whole Peanut Butter Smooth 20 litre,,,,,,EA,China,,AQ,,1.00,,$166.90,$166.90,
100WPS4,,Whole Peanut Butter Smooth 4 litre,,,,,,EA,China,,AQ,,1.00,,$36.55,$36.55,
Sweeteners,,,,,,,,,,,,,,,,,
320AC20,,Apple Syrup  20 litre,,,,,,EA,New Zealand,,AQ,,1.00,,$170.20,$170.20,
320AC4,,Apple Syrup  4 litre,,,,,,EA,New Zealand,,AQ,,1.00,,$38.10,$38.10,
320AC10,,Apple Syrup 10 litre,,,,,,EA,New Zealand,,AQ,,1.00,,$89.25,$89.25,
400MBO295,,Barley Malt  Organic 295 kg,,,,,,KG,Pakistan,,,,1.00,,$0.00,$0.00,
304CS15,,Carob Syrup 15 Litre,,,,,,L,Australia,,ACO,,12.00,,$28.85,$28.85,
400SB,,Organic Brown Sugar 25kg,,,,,,KG,India,,One-Cert,,1.00,,$2.90,$2.90,
400SW,,Organic White Sugar 25kg,,,,,,KG,,,,,1.00,,$2.55,$2.55,
400RS10,,Rice Syrup 10 litre,,,,,,EA,Pakistan,,AQ,,1.00,,$67.00,$67.00,
400RS20,,Rice Syrup 20 litre,,,,,,EA,Pakistan,,AQ,,1.00,,$122.00,$122.00,
400RS4,,Rice Syrup 4 litre,,,,,,EA,Pakistan,,AQ,,1.00,,$29.00,$29.00,
400SGFT,,Sugar Golden FTO 25kg,,,,,,KG,India,,,,1.00,,$2.50,$2.50,+
Vinegar,,,,,,,,,,,,,,,,,
180CV10,,Cider Vinegar 10 litre,,,,,,EA,New Zealand,,AQ,,1.00,,$36.00,$36.00,
180CV20,,Cider Vinegar 20 litre,,,,,,EA,New Zealand,,AQ,,1.00,,$68.00,$68.00,
180B3,,Modena Balsamic 3 litre (pre-order),,,,,,EA,Italy,,AQ,,1.00,,$74.00,$74.00,
Bulk Non Organic,,,,,,,,,,,,,,,,,
Cereal / Breakfast,,,,,,,,,,,,,,,,,
211AA10,,Grainola Apricot & Almond 10kg,,,,,,EA,New Zealand,,AQ,,1.00,,$68.00,$68.00,
211GZ10,,Grainola Ginger Zest 10kg,,,,,,EA,Various,,Natural,,1.00,,$68.00,$68.00,
211SB10,,Muesli Swiss Bircher 10kg,,,,,,EA,Various,,Natural,,1.00,,$62.00,$62.00,
Cleaning,,,,,,,,,,,,,,,,,
360CDL20,,Chantal Dishwash Liquid 20 Litre,,,,,,EA,,,,,1.00,,$86.50,$86.50,
360CDL5,,Chantal Dishwash Liquid 5 Litre,,,,,,L,,,,,1.00,,$25.50,$25.50,
360CLL20,,Chantal Laundry Liquid 20 Litre,,,,,,EA,New Zealand,,,,1.00,,$115.00,$115.00,
360CLL5,,Chantal Laundry Liquid 5 Litre,,,,,,L,New Zealand,,,,1.00,,$35.00,$35.00,
360CMS20,,Chantal Multisurface Cleaner 20 Litre,,,,,,EA,New Zealand,,,,1.00,,$100.00,$100.00,
360CMS5,,Chantal Multisurface Cleaner 5 Litre,,,,,,L,New Zealand,,,,1.00,,$30.00,$30.00,
Dry bean \ Pulse,,,,,,,,,,,,,,,,,
051FGL,,French Green Lentil Natural 25 Kg,,,,,,KG,New Zealand,,Natural,,1.00,,$4.40,$4.40,
051FGL5,,French Green Lentil Natural 5 Kg,,,,,,EA,New Zealand,,Natural,,1.00,,$22.00,$22.00,
002SO25,,Soya Beans - 25kg - Natural,,,,,,KG,New Zealand,,Natural,,1.00,,$3.95,$3.95,
Fruit Dry,,,,,,,,,,,,,,,,,
081AD1,,Apple Diced 10 kg,,,,,,KG,,,,,1.00,,$0.00,$0.00,
081APD12,,Apricots  Dried  Diced 12.5 kg,,,,,,KG,,,,,1.00,,$0.00,$0.00,
081CS11,,Cranberries Dried Sliced 11.34 kg,,,,,,KG,United States,,AQ,,1.00,,$12.50,$12.50,
085PM1,,Freeze Dried Plum,,,,,,EA,,,,,1.00,,$68.00,$68.00,
Salt,,,,,,,,,,,,,,,,,
420SC25,,Sea Salt  Coarse 25kg,,,,,,KG,New Zealand,,Natural,,1.00,,$1.95,$1.95,
420SF25,,Sea Salt Fine 25kg,,,,,,KG,New Zealand,,Natural,,1.00,,$1.95,$1.95,
420SAF25,,Sea Salt Flakes 14 kg,,,,,,EA,New Zealand,,Natural,,1.00,,$308.00,$308.00,
Seeds,,,,,,,,,,,,,,,,,
040AAOFNZ,,Alfalfa Seed 25 kg,,,,,,KG,New Zealand,,Natural,,1.00,,$14.15,$14.15,
041MR25,,Mustard Seed Red 25kg,,,,,,KG,New Zealand,,,,1.00,,$4.40,$4.40,
041PSNZ10,,Pumpkin Seed NZ Natural-10kg   /kg,,,,,,KG,New Zealand,,Natural,,1.00,,$19.95,$19.95,
041RC25,,Red Clover Seed Natural 25kg,,,,,,KG,,,,,1.00,,$16.65,$16.65,